"id","code","name","reconcile","user_type_id:id","chart_template_id:id"
"account_1000","1000","Research and development, acquired","False","account.data_account_type_non_current_assets","no_chart_template_full"
"account_1005","1005","Research and development, proprietary","False","account.data_account_type_non_current_assets","no_chart_template_full"
"account_1020","1020","Concessions, acquired","False","account.data_account_type_non_current_assets","no_chart_template_full"
"account_1025","1025","Concessions, proprietary","False","account.data_account_type_non_current_assets","no_chart_template_full"
"account_1030","1030","Patents, acquired","False","account.data_account_type_non_current_assets","no_chart_template_full"
"account_1035","1035","Patents, proprietary","False","account.data_account_type_non_current_assets","no_chart_template_full"
"account_1040","1040","Licences, acquired","False","account.data_account_type_non_current_assets","no_chart_template_full"
"account_1045","1045","Licences, proprietary","False","account.data_account_type_non_current_assets","no_chart_template_full"
"account_1050","1050","Trade marks, acquired","False","account.data_account_type_non_current_assets","no_chart_template_full"
"account_1055","1055","Trade marks, proprietary","False","account.data_account_type_non_current_assets","no_chart_template_full"
"account_1060","1060","Other rights, acquired","False","account.data_account_type_non_current_assets","no_chart_template_full"
"account_1065","1065","Other rights, proprietary","False","account.data_account_type_non_current_assets","no_chart_template_full"
"account_1068","1068","Domestic purchase of rights, reversed VAT liability","False","account.data_account_type_non_current_assets","no_chart_template_full"
"account_1069","1069","Domestic purchase of rights, reversed VAT liability, contra account","False","account.data_account_type_non_current_assets","no_chart_template_full"
"account_1070","1070","Deferred tax asset, gross","False","account.data_account_type_non_current_assets","no_chart_template_full"
"account_1075","1075","Reduction in deferred tax asset due to unrealisibility","False","account.data_account_type_non_current_assets","no_chart_template_full"
"account_1079","1079","Deferred tax asset that can be offset","False","account.data_account_type_non_current_assets","no_chart_template_full"
"account_1080","1080","Goodwill","False","account.data_account_type_non_current_assets","no_chart_template_full"
"account_1100","1100","Buildings","False","account.data_account_type_non_current_assets","no_chart_template_full"
"account_1110","1110","Fixed technical installation","False","account.data_account_type_non_current_assets","no_chart_template_full"
"account_1120","1120","Structural installations","False","account.data_account_type_non_current_assets","no_chart_template_full"
"account_1130","1130","Plant under construction","False","account.data_account_type_non_current_assets","no_chart_template_full"
"account_1140","1140","Agricultural property","False","account.data_account_type_non_current_assets","no_chart_template_full"
"account_1145","1145","Forestry property","False","account.data_account_type_non_current_assets","no_chart_template_full"
"account_1150","1150","Land","False","account.data_account_type_non_current_assets","no_chart_template_full"
"account_1155","1155","Other real property","False","account.data_account_type_non_current_assets","no_chart_template_full"
"account_1160","1160","Dwellings including land","False","account.data_account_type_non_current_assets","no_chart_template_full"
"account_1190","1190","Basis VAT import of goods, high rate","False","account.data_account_type_non_current_assets","no_chart_template_full"
"account_1191","1191","Basis VAT import of goods, high rate, contra account","False","account.data_account_type_non_current_assets","no_chart_template_full"
"account_1192","1192","Basis VAT import of goods, medium rate","False","account.data_account_type_non_current_assets","no_chart_template_full"
"account_1193","1193","Basis VAT import of goods, medium rate, contra account","False","account.data_account_type_non_current_assets","no_chart_template_full"
"account_1194","1194","Basis import of goods with zero rate","False","account.data_account_type_non_current_assets","no_chart_template_full"
"account_1195","1195","Basis import of goods with zero rate, contra account","False","account.data_account_type_non_current_assets","no_chart_template_full"
"account_1196","1196","Basis outgoing VAT purchase of services from abroad","False","account.data_account_type_non_current_assets","no_chart_template_full"
"account_1197","1197","Basis outgoing VAT purchase of services from abroad, contra account","False","account.data_account_type_non_current_assets","no_chart_template_full"
"account_1200","1200","Machinery and plant","False","account.data_account_type_non_current_assets","no_chart_template_full"
"account_1210","1210","Machinery and plant under construction","False","account.data_account_type_non_current_assets","no_chart_template_full"
"account_1220","1220","Ships","False","account.data_account_type_non_current_assets","no_chart_template_full"
"account_1224","1224","Rigs","False","account.data_account_type_non_current_assets","no_chart_template_full"
"account_1225","1225","Aircrafts","False","account.data_account_type_non_current_assets","no_chart_template_full"
"account_1230","1230","Automobiles/estate cars","False","account.data_account_type_non_current_assets","no_chart_template_full"
"account_1235","1235","Vans, classification 1","False","account.data_account_type_non_current_assets","no_chart_template_full"
"account_1236","1236","Vans, classification 2","False","account.data_account_type_non_current_assets","no_chart_template_full"
"account_1237","1237","Lorries","False","account.data_account_type_non_current_assets","no_chart_template_full"
"account_1238","1238","Buses","False","account.data_account_type_non_current_assets","no_chart_template_full"
"account_1240","1240","Tractors","False","account.data_account_type_non_current_assets","no_chart_template_full"
"account_1242","1242","Forklifts","False","account.data_account_type_non_current_assets","no_chart_template_full"
"account_1249","1249","Other means of transport","False","account.data_account_type_non_current_assets","no_chart_template_full"
"account_1250","1250","Fixtures and fittings","False","account.data_account_type_non_current_assets","no_chart_template_full"
"account_1260","1260","Permanent building fixtures and fittings, own building","False","account.data_account_type_non_current_assets","no_chart_template_full"
"account_1265","1265","Permanent building fixtures and fittings, leased premises","False","account.data_account_type_non_current_assets","no_chart_template_full"
"account_1270","1270","Tools etc.","False","account.data_account_type_non_current_assets","no_chart_template_full"
"account_1280","1280","Office machines","False","account.data_account_type_non_current_assets","no_chart_template_full"
"account_1290","1290","Basis VAT import of goods, high rate","False","account.data_account_type_non_current_assets","no_chart_template_full"
"account_1291","1291","Basis VAT import of goods, high rate, contra account","False","account.data_account_type_non_current_assets","no_chart_template_full"
"account_1292","1292","Basis VAT import of goods, medium rate","False","account.data_account_type_non_current_assets","no_chart_template_full"
"account_1293","1293","Basis VAT import of goods, medium rate, contra account","False","account.data_account_type_non_current_assets","no_chart_template_full"
"account_1294","1294","Basis import of goods with zero rate","False","account.data_account_type_non_current_assets","no_chart_template_full"
"account_1295","1295","Basis import of goods with zero rate, contra account","False","account.data_account_type_non_current_assets","no_chart_template_full"
"account_1296","1296","Basis outgoing VAT purchase of services from abroad","False","account.data_account_type_non_current_assets","no_chart_template_full"
"account_1297","1297","Basis outgoing VAT purchase of services from abroad, contra account","False","account.data_account_type_non_current_assets","no_chart_template_full"
"account_1300","1300","Shares in subsidiaries","False","account.data_account_type_non_current_assets","no_chart_template_full"
"account_1305","1305","Units in subsidiaries","False","account.data_account_type_non_current_assets","no_chart_template_full"
"account_1306","1306","Shares/units in subsidiaries, foreign, included in the exemption model","False","account.data_account_type_non_current_assets","no_chart_template_full"
"account_1308","1308","Shares/units in subsidiaries, foreign, not included in the exemption model","False","account.data_account_type_non_current_assets","no_chart_template_full"
"account_1310","1310","Shares in group companies","False","account.data_account_type_non_current_assets","no_chart_template_full"
"account_1315","1315","Units in group companies","False","account.data_account_type_non_current_assets","no_chart_template_full"
"account_1316","1316","Shares/units in group companies, foreign, included in the exemption model","False","account.data_account_type_non_current_assets","no_chart_template_full"
"account_1318","1318","Shares/units in group companies, foreign, not included in the exemption model","False","account.data_account_type_non_current_assets","no_chart_template_full"
"account_1320","1320","Loans to subsidiaries","False","account.data_account_type_non_current_assets","no_chart_template_full"
"account_1325","1325","Loans to other group companies","False","account.data_account_type_non_current_assets","no_chart_template_full"
"account_1330","1330","Investments in associated companies","False","account.data_account_type_non_current_assets","no_chart_template_full"
"account_1340","1340","Loans to associated companies","False","account.data_account_type_non_current_assets","no_chart_template_full"
"account_1345","1345","Loans to joint ventures","False","account.data_account_type_non_current_assets","no_chart_template_full"
"account_1350","1350","Other shares, Norwegian","False","account.data_account_type_non_current_assets","no_chart_template_full"
"account_1355","1355","Other units, Norwegian","False","account.data_account_type_non_current_assets","no_chart_template_full"
"account_1356","1356","Other shares/units, foreign, included in the exemption model","False","account.data_account_type_non_current_assets","no_chart_template_full"
"account_1357","1357","Other shares/units, foreign, not included in the exemption model","False","account.data_account_type_non_current_assets","no_chart_template_full"
"account_1358","1358","Securities fund units","False","account.data_account_type_non_current_assets","no_chart_template_full"
"account_1360","1360","Bonds","False","account.data_account_type_non_current_assets","no_chart_template_full"
"account_1370","1370","Receivables from owners","False","account.data_account_type_non_current_assets","no_chart_template_full"
"account_1375","1375","Receivables from board members","False","account.data_account_type_non_current_assets","no_chart_template_full"
"account_1380","1380","Receivables from employees","False","account.data_account_type_non_current_assets","no_chart_template_full"
"account_1384","1384","Receivables from manager","False","account.data_account_type_non_current_assets","no_chart_template_full"
"account_1385","1385","Receivables from employed owners","False","account.data_account_type_non_current_assets","no_chart_template_full"
"account_1393","1393","Deposit fund","False","account.data_account_type_non_current_assets","no_chart_template_full"
"account_1394","1394","Overfunding of pension liabilities (pension premium fund)","False","account.data_account_type_non_current_assets","no_chart_template_full"
"account_1395","1395","Deposits from tenants","False","account.data_account_type_non_current_assets","no_chart_template_full"
"account_1396","1396","Deposits","False","account.data_account_type_non_current_assets","no_chart_template_full"
"account_1397","1397","Prepaid leasing","False","account.data_account_type_non_current_assets","no_chart_template_full"
"account_1398","1398","VAT refundable","False","account.data_account_type_non_current_assets","no_chart_template_full"
"account_1399","1399","Other receivables","False","account.data_account_type_non_current_assets","no_chart_template_full"
"account_1400","1400","Direct materials/raw materials","False","account.data_account_type_current_assets","no_chart_template_full"
"account_1405","1405","Auxiliary materials","False","account.data_account_type_current_assets","no_chart_template_full"
"account_1408","1408","Operating materials and spare parts","False","account.data_account_type_current_assets","no_chart_template_full"
"account_1409","1409","Change in stocks of raw materials and semi-manufactures","False","account.data_account_type_current_assets","no_chart_template_full"
"account_1420","1420","Work in progress","False","account.data_account_type_current_assets","no_chart_template_full"
"account_1429","1429","Change in stocks of work in progress","False","account.data_account_type_current_assets","no_chart_template_full"
"account_1440","1440","Self-produced finished goods","False","account.data_account_type_current_assets","no_chart_template_full"
"account_1449","1449","Change in stocks of self-produced finished goods","False","account.data_account_type_current_assets","no_chart_template_full"
"account_1460","1460","Goods purchased for resale","False","account.data_account_type_current_assets","no_chart_template_full"
"account_1465","1465","Demonstration goods","False","account.data_account_type_current_assets","no_chart_template_full"
"account_1469","1469","Change in stocks of goods purchased for resale","False","account.data_account_type_current_assets","no_chart_template_full"
"account_1470","1470","Basis VAT import of goods, high rate","False","account.data_account_type_current_assets","no_chart_template_full"
"account_1471","1471","Basis VAT import of goods, high rate, contra account","False","account.data_account_type_current_assets","no_chart_template_full"
"account_1472","1472","Basis VAT import of goods, medium rate","False","account.data_account_type_current_assets","no_chart_template_full"
"account_1473","1473","Basis VAT import of goods, medium rate, contra account","False","account.data_account_type_current_assets","no_chart_template_full"
"account_1474","1474","Basis import of goods with zero rate","False","account.data_account_type_current_assets","no_chart_template_full"
"account_1475","1475","Basis import of goods with zero rate, contra account","False","account.data_account_type_current_assets","no_chart_template_full"
"account_1476","1476","Basis outgoing VAT purchase of services from abroad","False","account.data_account_type_current_assets","no_chart_template_full"
"account_1477","1477","Basis outgoing VAT purchase of services from abroad, contra account","False","account.data_account_type_current_assets","no_chart_template_full"
"account_1478","1478","Domestic purchase of goods and services, reversed VAT liability","False","account.data_account_type_current_assets","no_chart_template_full"
"account_1479","1479","Domestic purchase of goods and services, reversed VAT liability, contra account","False","account.data_account_type_current_assets","no_chart_template_full"
"account_1480","1480","Prepayments to suppliers (contracts for goods/projects)","False","account.data_account_type_current_assets","no_chart_template_full"
"account_1490","1490","Biological assets","False","account.data_account_type_current_assets","no_chart_template_full"
"account_1500","1500","Trade debtors (accounts receivable from customers)","True","account.data_account_type_receivable","no_chart_template_mini"
"account_1530","1530","Accrued, uninvoiced operating income","False","account.data_account_type_current_assets","no_chart_template_full"
"account_1550","1550","Trade debtors in group companies (accounts receivable from companies in the same group)","True","account.data_account_type_receivable","no_chart_template_full"
"account_1560","1560","Other debtors in group companies (other receivables from companies in the same group)","False","account.data_account_type_current_assets","no_chart_template_full"
"account_1570","1570","Cash advances for travel","False","account.data_account_type_current_assets","no_chart_template_full"
"account_1572","1572","Advances on wages and salaries (deducted from pay later, cf. account code 1741)","False","account.data_account_type_current_assets","no_chart_template_full"
"account_1573","1573","Other short-term loans to employees (not advances on wages and salaries, cf. account 1741)","False","account.data_account_type_current_assets","no_chart_template_full"
"account_1574","1574","Short-term loans to shareholders/partners","False","account.data_account_type_current_assets","no_chart_template_full"
"account_1575","1575","Current account, shareholders/partners","False","account.data_account_type_current_assets","no_chart_template_full"
"account_1576","1576","Short-term loans to manager","False","account.data_account_type_current_assets","no_chart_template_full"
"account_1579","1579","Other short-term receivables","False","account.data_account_type_current_assets","no_chart_template_full"
"account_1580","1580","Provisions for losses on trade debtors","False","account.data_account_type_current_assets","no_chart_template_full"
"account_1585","1585","Provisions for losses on other debtors","False","account.data_account_type_current_assets","no_chart_template_full"
"account_1590","1590","Other current assets","False","account.data_account_type_current_assets","no_chart_template_full"
"account_1600","1600","Output VAT, high rate","False","account.data_account_type_current_assets","no_chart_template_full"
"account_1601","1601","Output VAT, middle rate","False","account.data_account_type_current_assets","no_chart_template_full"
"account_1602","1602","Output VAT, middle rate, 11,11%","False","account.data_account_type_current_assets","no_chart_template_full"
"account_1603","1603","Output VAT, low rate","False","account.data_account_type_current_assets","no_chart_template_full"
"account_1604","1604","Output VAT, purchases of services from abroad","False","account.data_account_type_current_assets","no_chart_template_full"
"account_1605","1605","Output VAT - import of goods, high rate","False","account.data_account_type_current_assets","no_chart_template_full"
"account_1606","1606","Output VAT - import of goods, medium rate","False","account.data_account_type_current_assets","no_chart_template_full"
"account_1607","1607","Output VAT - domestic purchase of goods and services with reversed VAT liability, high rate","False","account.data_account_type_current_assets","no_chart_template_full"
"account_1610","1610","Input VAT, high rate","False","account.data_account_type_current_assets","no_chart_template_full"
"account_1611","1611","Input VAT, middle rate","False","account.data_account_type_current_assets","no_chart_template_full"
"account_1612","1612","Input VAT, middle rate, 11,11%","False","account.data_account_type_current_assets","no_chart_template_full"
"account_1613","1613","Input VAT, low rate","False","account.data_account_type_current_assets","no_chart_template_full"
"account_1614","1614","Input VAT, purchases of services from abroad","False","account.data_account_type_current_assets","no_chart_template_full"
"account_1615","1615","Input VAT - import of goods, high rate","False","account.data_account_type_current_assets","no_chart_template_full"
"account_1616","1616","Input VAT -  import of goods, medium rate","False","account.data_account_type_current_assets","no_chart_template_full"
"account_1617","1617","Input VAT - domestic purchase of goods and services with reversed VAT liability, high rate","False","account.data_account_type_current_assets","no_chart_template_full"
"account_1640","1640","Settlement account for VAT","False","account.data_account_type_current_assets","no_chart_template_mini"
"account_1650","1650","VAT compensation, high rate","False","account.data_account_type_current_assets","no_chart_template_full"
"account_1651","1651","VAT compensation, middle rate","False","account.data_account_type_current_assets","no_chart_template_full"
"account_1652","1652","VAT compensation, low rate","False","account.data_account_type_current_assets","no_chart_template_full"
"account_1654","1654","Settlement account for VAT compensation","False","account.data_account_type_current_assets","no_chart_template_full"
"account_1655","1655","Tax value, VAT compensation, high rate","False","account.data_account_type_current_assets","no_chart_template_full"
"account_1656","1656","Tax value, VAT compensation, middle rate","False","account.data_account_type_current_assets","no_chart_template_full"
"account_1657","1657","Tax value, VAT compensation, low rate","False","account.data_account_type_current_assets","no_chart_template_full"
"account_1659","1659","Basis VAT compensation contra account","False","account.data_account_type_current_assets","no_chart_template_full"
"account_1670","1670","Entitlements to public grants","False","account.data_account_type_current_assets","no_chart_template_full"
"account_1675","1675","SkatteFUNN Tax Incentive Scheme credit, not offset","False","account.data_account_type_current_assets","no_chart_template_full"
"account_1700","1700","Prepaid rental expenses","False","account.data_account_type_current_assets","no_chart_template_full"
"account_1710","1710","Prepaid interest expenses","False","account.data_account_type_current_assets","no_chart_template_full"
"account_1740","1740","Prepaid, not accrued wages and salaries","False","account.data_account_type_current_assets","no_chart_template_full"
"account_1742","1742","Prepaid electricity, heat etc.","False","account.data_account_type_current_assets","no_chart_template_full"
"account_1743","1743","Prepaid insurance","False","account.data_account_type_current_assets","no_chart_template_full"
"account_1744","1744","Prepaid leasing charges","False","account.data_account_type_current_assets","no_chart_template_full"
"account_1749","1749","Other prepaid operating expenses","False","account.data_account_type_current_assets","no_chart_template_full"
"account_1750","1750","Accrued rental income","False","account.data_account_type_current_assets","no_chart_template_full"
"account_1760","1760","Accrued interest income","False","account.data_account_type_current_assets","no_chart_template_full"
"account_1780","1780","Unpaid subscribed capital","False","account.data_account_type_current_assets","no_chart_template_full"
"account_1800","1800","Shares in group companies, Norwegian","False","account.data_account_type_current_assets","no_chart_template_full"
"account_1805","1805","Units in group companies, Norwegian","False","account.data_account_type_current_assets","no_chart_template_full"
"account_1806","1806","Shares/units in group companies, foreign, included in the exemption model","False","account.data_account_type_current_assets","no_chart_template_full"
"account_1808","1808","Shares/units in group companies, foreign, not included in the exemption model","False","account.data_account_type_current_assets","no_chart_template_full"
"account_1810","1810","Listed share investments, Norwegian","False","account.data_account_type_current_assets","no_chart_template_full"
"account_1815","1815","Listed share investments, foreign, included in the exemption model","False","account.data_account_type_current_assets","no_chart_template_full"
"account_1816","1816","Listed share investments, foreign, not included in the exemption model","False","account.data_account_type_current_assets","no_chart_template_full"
"account_1820","1820","Other unlisted share investments, Norwegian","False","account.data_account_type_current_assets","no_chart_template_full"
"account_1825","1825","Other unlisted share investments, foreign, included in the exemption model","False","account.data_account_type_current_assets","no_chart_template_full"
"account_1830","1830","Quoted bonds, Norwegian","False","account.data_account_type_current_assets","no_chart_template_full"
"account_1835","1835","Quoted bonds, foreign","False","account.data_account_type_current_assets","no_chart_template_full"
"account_1840","1840","Non-quoted bonds, Norwegian","False","account.data_account_type_current_assets","no_chart_template_full"
"account_1845","1845","Non-quoted bonds, foreign","False","account.data_account_type_current_assets","no_chart_template_full"
"account_1850","1850","Quoted bonds with a short maturity (certificates), Norwegian","False","account.data_account_type_current_assets","no_chart_template_full"
"account_1855","1855","Quoted bonds with a short maturity (certificates), foreign","False","account.data_account_type_current_assets","no_chart_template_full"
"account_1860","1860","Non-quoted bonds with a short maturity (certificates), Norwegian","False","account.data_account_type_current_assets","no_chart_template_full"
"account_1865","1865","Non-quoted bonds with a short maturity (certificates), foreign","False","account.data_account_type_current_assets","no_chart_template_full"
"account_1870","1870","Quoted options, Norwegian","False","account.data_account_type_current_assets","no_chart_template_full"
"account_1875","1875","Quoted options, foreign","False","account.data_account_type_current_assets","no_chart_template_full"
"account_1880","1880","Non-quoted options, Norwegian","False","account.data_account_type_current_assets","no_chart_template_full"
"account_1882","1882","Non-quoted options, foreign","False","account.data_account_type_current_assets","no_chart_template_full"
"account_1889","1889","Other financial instruments","False","account.data_account_type_current_assets","no_chart_template_full"
"account_1890","1890","Units outside group companies, Norwegian","False","account.data_account_type_current_assets","no_chart_template_full"
"account_1892","1892","Units outside group companies, foreign, included in the exemption model","False","account.data_account_type_current_assets","no_chart_template_full"
"account_1893","1893","Units outside group companies, foreign, not included in the exemption model","False","account.data_account_type_current_assets","no_chart_template_full"
"account_1900","1900","Cash in hand, NOK","False","account.data_account_type_liquidity","no_chart_template_full"
"account_1905","1905","Cash in hand, EUR","False","account.data_account_type_liquidity","no_chart_template_full"
"account_1908","1908","Cash in hand, other currencies","False","account.data_account_type_liquidity","no_chart_template_full"
"account_1909","1909","Cash balance","False","account.data_account_type_liquidity","no_chart_template_full"
"account_1920","1920","Bank deposits","False","account.data_account_type_liquidity","no_chart_template_full"
"account_1950","1950","Bank deposits for tax withholdings","False","account.data_account_type_liquidity","no_chart_template_full"
"account_1960","1960","Bank deposits, abroad","False","account.data_account_type_liquidity","no_chart_template_full"
"account_2000","2000","Subscribed share capital / Equity, undistributable","False","account.data_account_type_equity","no_chart_template_full"
"account_2010","2010","Own shares (treasury stock) / Jointly-owned cooperative share capital","False","account.data_account_type_equity","no_chart_template_full"
"account_2020","2020","Share premium reserve","False","account.data_account_type_equity","no_chart_template_full"
"account_2030","2030","Other paid-in capital / Non-authorised increase in capital","False","account.data_account_type_equity","no_chart_template_full"
"account_2032","2032","Non-authorised capitalisation issue","False","account.data_account_type_equity","no_chart_template_full"
"account_2033","2033","Non-authorised reduction in capital","False","account.data_account_type_equity","no_chart_template_full"
"account_2035","2035","Other paid-in capital","False","account.data_account_type_equity","no_chart_template_full"
"account_2036","2036","Incorporation expenses","False","account.data_account_type_equity","no_chart_template_full"
"account_2040","2040","Reserve for valuation variances (general partnership-companies and likewise)","False","account.data_account_type_equity","no_chart_template_full"
"account_2042","2042","Reserve for valuation variances, other companies","False","account.data_account_type_equity","no_chart_template_full"
"account_2045","2045","Reserve for non-realised gains","False","account.data_account_type_equity","no_chart_template_full"
"account_2050","2050","Other equity","False","account.data_account_type_equity","no_chart_template_full"
"account_2055","2055","Provisions for dividends","False","account.data_account_type_equity","no_chart_template_full"
"account_2060","2060","Cash withdrawal","False","account.data_account_type_equity","no_chart_template_full"
"account_2062","2062","Cash deposit","False","account.data_account_type_equity","no_chart_template_full"
"account_2063","2063","Withdrawal of fixed assets","False","account.data_account_type_equity","no_chart_template_full"
"account_2064","2064","Withdrawal of goods and services","False","account.data_account_type_equity","no_chart_template_full"
"account_2065","2065","Own dwelling in commercial building","False","account.data_account_type_equity","no_chart_template_full"
"account_2066","2066","Contra account, own dwelling in commercial building","False","account.data_account_type_equity","no_chart_template_full"
"account_2067","2067","Light and heat, private","False","account.data_account_type_equity","no_chart_template_full"
"account_2068","2068","Private expenses for electronic communications","False","account.data_account_type_equity","no_chart_template_full"
"account_2069","2069","Miscellaneous other private expenses","False","account.data_account_type_equity","no_chart_template_full"
"account_2070","2070","Advance tax","False","account.data_account_type_equity","no_chart_template_full"
"account_2072","2072","Supplemental prepayment/tax due","False","account.data_account_type_equity","no_chart_template_full"
"account_2075","2075","Private use of company car","False","account.data_account_type_equity","no_chart_template_full"
"account_2077","2077","Premium for own health and accident insurance","False","account.data_account_type_equity","no_chart_template_full"
"account_2078","2078","Premium for supplementary national insurance for sickness benefits","False","account.data_account_type_equity","no_chart_template_full"
"account_2080","2080","Uncovered loss","False","account.data_account_type_equity","no_chart_template_full"
"account_2099","2099","Retained result","False","account.data_account_type_equity","no_chart_template_full"
"account_2100","2100","Pension liabilities","False","account.data_account_type_non_current_liabilities","no_chart_template_full"
"account_2120","2120","Deferred tax, gross","False","account.data_account_type_non_current_liabilities","no_chart_template_full"
"account_2129","2129","Deferred tax that can be offset","False","account.data_account_type_non_current_liabilities","no_chart_template_full"
"account_2160","2160","Unearned income","False","account.data_account_type_non_current_liabilities","no_chart_template_full"
"account_2180","2180","Other provisions for liabilities and charges","False","account.data_account_type_non_current_liabilities","no_chart_template_full"
"account_2188","2188","Accured VAT","False","account.data_account_type_non_current_liabilities","no_chart_template_full"
"account_2200","2200","Convertible loans","False","account.data_account_type_non_current_liabilities","no_chart_template_full"
"account_2210","2210","Bond loans","False","account.data_account_type_non_current_liabilities","no_chart_template_full"
"account_2220","2220","Liabilities to financial institutions","False","account.data_account_type_non_current_liabilities","no_chart_template_full"
"account_2250","2250","Liabilities to employees","False","account.data_account_type_non_current_liabilities","no_chart_template_full"
"account_2255","2255","Liabilities to owners","False","account.data_account_type_non_current_liabilities","no_chart_template_full"
"account_2260","2260","Liabilities to companies in the same group","False","account.data_account_type_non_current_liabilities","no_chart_template_full"
"account_2280","2280","Subscription by sleeping partner","False","account.data_account_type_non_current_liabilities","no_chart_template_full"
"account_2285","2285","Subordinated loan capital","False","account.data_account_type_non_current_liabilities","no_chart_template_full"
"account_2290","2290","Liabilities to persons other than employees and owners","False","account.data_account_type_non_current_liabilities","no_chart_template_full"
"account_2299","2299","Other long-term liabilities","False","account.data_account_type_non_current_liabilities","no_chart_template_full"
"account_2300","2300","Convertible loans","False","account.data_account_type_current_liabilities","no_chart_template_full"
"account_2320","2320","Bond loans","False","account.data_account_type_current_liabilities","no_chart_template_full"
"account_2360","2360","Construction loans","False","account.data_account_type_current_liabilities","no_chart_template_full"
"account_2380","2380","Overdraft facilities","False","account.data_account_type_current_liabilities","no_chart_template_full"
"account_2390","2390","Other liabilities to financial institution","False","account.data_account_type_current_liabilities","no_chart_template_full"
"account_2400","2400","Trade creditors","True","account.data_account_type_payable","no_chart_template_mini"
"account_2460","2460","Trade creditors from group companies","True","account.data_account_type_payable","no_chart_template_full"
"account_2500","2500","Tax payable, not offset","False","account.data_account_type_current_liabilities","no_chart_template_full"
"account_2510","2510","Tax payable, offset","False","account.data_account_type_current_liabilities","no_chart_template_full"
"account_2540","2540","Corporate advance tax","False","account.data_account_type_current_liabilities","no_chart_template_full"
"account_2600","2600","Advance tax withholding","False","account.data_account_type_current_liabilities","no_chart_template_mini"
"account_2610","2610","Attachment of earnings","False","account.data_account_type_current_liabilities","no_chart_template_full"
"account_2620","2620","Deduction of support (child-support etc.) payments","False","account.data_account_type_current_liabilities","no_chart_template_full"
"account_2630","2630","National insurance deduction","False","account.data_account_type_current_liabilities","no_chart_template_full"
"account_2640","2640","Insurance deduction","False","account.data_account_type_current_liabilities","no_chart_template_full"
"account_2650","2650","Trade union dues deduction","False","account.data_account_type_current_liabilities","no_chart_template_full"
"account_2690","2690","Other deductions","False","account.data_account_type_current_liabilities","no_chart_template_full"
"account_2700","2700","Output VAT, high rate","False","account.data_account_type_current_liabilities","no_chart_template_mini"
"account_2701","2701","Output VAT, middle rate","False","account.data_account_type_current_liabilities","no_chart_template_mini"
"account_2702","2702","Output VAT, middle rate, 11,11%","False","account.data_account_type_current_liabilities","no_chart_template_full"
"account_2703","2703","Output VAT, low rate","False","account.data_account_type_current_liabilities","no_chart_template_mini"
"account_2704","2704","Output VAT, purchases of services from abroad","False","account.data_account_type_current_liabilities","no_chart_template_full"
"account_2705","2705","Output VAT - import of goods, high rate","False","account.data_account_type_current_liabilities","no_chart_template_full"
"account_2706","2706","Output VAT - import of goods, medium rate","False","account.data_account_type_current_liabilities","no_chart_template_full"
"account_2707","2707","Output VAT - domestic purchase of goods and services with reversed VAT liability, high rate","False","account.data_account_type_current_liabilities","no_chart_template_full"
"account_2710","2710","Input VAT, high rate","False","account.data_account_type_current_liabilities","no_chart_template_mini"
"account_2711","2711","Input VAT, middle rate","False","account.data_account_type_current_liabilities","no_chart_template_mini"
"account_2712","2712","Input VAT, middle rate, 11,11%","False","account.data_account_type_current_liabilities","no_chart_template_full"
"account_2713","2713","Input VAT, low rate","False","account.data_account_type_current_liabilities","no_chart_template_mini"
"account_2714","2714","Input VAT, purchases of services from abroad","False","account.data_account_type_current_liabilities","no_chart_template_full"
"account_2715","2715","Input VAT - import of goods, high rate","False","account.data_account_type_current_liabilities","no_chart_template_full"
"account_2716","2716","Input VAT -  import of goods, medium rate","False","account.data_account_type_current_liabilities","no_chart_template_full"
"account_2717","2717","Input VAT - domestic purchase of goods and services with reversed VAT liability, high rate","False","account.data_account_type_current_liabilities","no_chart_template_full"
"account_2740","2740","Settlement account for VAT","False","account.data_account_type_current_liabilities","no_chart_template_mini"
"account_2770","2770","Unpaid employers? national insurance contributions","False","account.data_account_type_current_liabilities","no_chart_template_mini"
"account_2775","2775","Paid employers? national insurance contributions","False","account.data_account_type_current_liabilities","no_chart_template_full"
"account_2780","2780","Accrued employers? national insurance contributions on accrued wages and salaries","False","account.data_account_type_current_liabilities","no_chart_template_full"
"account_2785","2785","Accrued employers? national insurance contributions on holiday pay","False","account.data_account_type_current_liabilities","no_chart_template_mini"
"account_2789","2789","Accrued employers? national insurance contributions on other remuneration","False","account.data_account_type_current_liabilities","no_chart_template_full"
"account_2790","2790","Other public duties payable","False","account.data_account_type_current_liabilities","no_chart_template_full"
"account_2800","2800","Provisions for dividends","False","account.data_account_type_current_liabilities","no_chart_template_full"
"account_2900","2900","Prepayments from customers","False","account.data_account_type_current_liabilities","no_chart_template_full"
"account_2910","2910","Liabilities to employees","False","account.data_account_type_current_liabilities","no_chart_template_full"
"account_2915","2915","Liabilities to owners","False","account.data_account_type_current_liabilities","no_chart_template_full"
"account_2920","2920","Liabilities to companies in the same group","False","account.data_account_type_current_liabilities","no_chart_template_full"
"account_2930","2930","Unpaid wages and salaries","False","account.data_account_type_current_liabilities","no_chart_template_mini"
"account_2940","2940","Unpaid holiday pay","False","account.data_account_type_current_liabilities","no_chart_template_mini"
"account_2945","2945","Paid holiday pay","False","account.data_account_type_current_liabilities","no_chart_template_full"
"account_2950","2950","Accrued interest","False","account.data_account_type_current_liabilities","no_chart_template_full"
"account_2960","2960","Other accrued expenses","False","account.data_account_type_current_liabilities","no_chart_template_full"
"account_2965","2965","Prepaid income","False","account.data_account_type_current_liabilities","no_chart_template_full"
"account_2970","2970","Future guarantee provision","False","account.data_account_type_current_liabilities","no_chart_template_full"
"account_2975","2975","Future service provision","False","account.data_account_type_current_liabilities","no_chart_template_full"
"account_2980","2980","Provisions for board members? fees","False","account.data_account_type_current_liabilities","no_chart_template_full"
"account_2982","2982","Provisions for auditors? remuneration","False","account.data_account_type_current_liabilities","no_chart_template_full"
"account_2983","2983","Provisions for accountants? fees","False","account.data_account_type_current_liabilities","no_chart_template_full"
"account_2989","2989","Other provisions for liabilities","False","account.data_account_type_current_liabilities","no_chart_template_full"
"account_2990","2990","Liabilities to persons other than employees and owners","False","account.data_account_type_current_liabilities","no_chart_template_full"
"account_2999","2999","Other current liabilities","False","account.data_account_type_current_liabilities","no_chart_template_full"
"account_3000","3000","Sales revenue, merchandise, subject to VAT, high rate","False","account.data_account_type_revenue","no_chart_template_full"
"account_3005","3005","Revenue trade goods, reversed VAT liability","False","account.data_account_type_revenue","no_chart_template_full"
"account_3009","3009","Earned income that has not been invoiced","False","account.data_account_type_revenue","no_chart_template_full"
"account_3010","3010","Sales revenue, goods of own production, subject to VAT, high rate","False","account.data_account_type_revenue","no_chart_template_full"
"account_3015","3015","Revenue self-produced goods, reversed VAT liability","False","account.data_account_type_revenue","no_chart_template_full"
"account_3019","3019","Earned income that has not been invoiced","False","account.data_account_type_revenue","no_chart_template_full"
"account_3020","3020","Sales revenue, services, subject to VAT, high rate","False","account.data_account_type_revenue","no_chart_template_full"
"account_3025","3025","Revenue services, reversed VAT liability","False","account.data_account_type_revenue","no_chart_template_full"
"account_3029","3029","Earned income that has not been invoiced","False","account.data_account_type_revenue","no_chart_template_full"
"account_3030","3030","Sales revenue, merchandise, subject to VAT, middle rate","False","account.data_account_type_revenue","no_chart_template_full"
"account_3039","3039","Earned income that has not been invoiced","False","account.data_account_type_revenue","no_chart_template_full"
"account_3040","3040","Sales revenue, goods of own production, subject to VAT, middle rate","False","account.data_account_type_revenue","no_chart_template_full"
"account_3049","3049","Earned income that has not been invoiced","False","account.data_account_type_revenue","no_chart_template_full"
"account_3050","3050","Sales revenue, services, subject to VAT, low rate","False","account.data_account_type_revenue","no_chart_template_full"
"account_3059","3059","Earned income that has not been invoiced","False","account.data_account_type_revenue","no_chart_template_full"
"account_3060","3060","Withdrawal of goods, subject to VAT, high rate","False","account.data_account_type_revenue","no_chart_template_full"
"account_3063","3063","Withdrawal of goods, subject to VAT, middle rate","False","account.data_account_type_revenue","no_chart_template_full"
"account_3070","3070","Withdrawal of services, subject to VAT","False","account.data_account_type_revenue","no_chart_template_full"
"account_3071","3071","Withdrawal of services, subject to VAT, high rate","False","account.data_account_type_revenue","no_chart_template_full"
"account_3074","3074","Withdrawal of services, subject to VAT, low rate","False","account.data_account_type_revenue","no_chart_template_full"
"account_3081","3081","Cash discount, sales subject to VAT","False","account.data_account_type_revenue","no_chart_template_full"
"account_3085","3085","Quantity discount, sales subject to VAT","False","account.data_account_type_revenue","no_chart_template_full"
"account_3089","3089","Other reduction in sales revenue, sales subject to VAT","False","account.data_account_type_revenue","no_chart_template_full"
"account_3090","3090","Refundable outlays at buyer?s expense","False","account.data_account_type_revenue","no_chart_template_full"
"account_3100","3100","Revenue trade goods, domestic, duty free","False","account.data_account_type_revenue","no_chart_template_full"
"account_3105","3105","Revenue trade goods, import, duty free","False","account.data_account_type_revenue","no_chart_template_full"
"account_3109","3109","Earned income that has not been invoiced","False","account.data_account_type_revenue","no_chart_template_full"
"account_3110","3110","Revenue self-produced goods, domestic, duty free","False","account.data_account_type_revenue","no_chart_template_full"
"account_3115","3115","Revenue self-produced goods, import, duty free","False","account.data_account_type_revenue","no_chart_template_full"
"account_3119","3119","Earned income that has not been invoiced","False","account.data_account_type_revenue","no_chart_template_full"
"account_3120","3120","Revenue services, domestic, duty free","False","account.data_account_type_revenue","no_chart_template_full"
"account_3125","3125","Revenue services, import, duty free","False","account.data_account_type_revenue","no_chart_template_full"
"account_3129","3129","Earned income that has not been invoiced","False","account.data_account_type_revenue","no_chart_template_full"
"account_3160","3160","Withdrawal of goods, not subject to VAT","False","account.data_account_type_revenue","no_chart_template_full"
"account_3170","3170","Withdrawal of services, not subject to VAT","False","account.data_account_type_revenue","no_chart_template_full"
"account_3181","3181","Cash discounts, sales not subject to VAT","False","account.data_account_type_revenue","no_chart_template_full"
"account_3185","3185","Quantity discounts, sales not subject to VAT","False","account.data_account_type_revenue","no_chart_template_full"
"account_3189","3189","Other reductions in sales revenue, sales not subject to VAT","False","account.data_account_type_revenue","no_chart_template_full"
"account_3190","3190","Refundable outlays at buyer?s expense","False","account.data_account_type_revenue","no_chart_template_full"
"account_3200","3200","Sales revenue, merchandise, outside of VAT area","False","account.data_account_type_revenue","no_chart_template_full"
"account_3209","3209","Earned income that has not been invoiced","False","account.data_account_type_revenue","no_chart_template_full"
"account_3210","3210","Sales revenue, goods of own production, outside of VAT area","False","account.data_account_type_revenue","no_chart_template_full"
"account_3219","3219","Earned income that has not been invoiced","False","account.data_account_type_revenue","no_chart_template_full"
"account_3220","3220","Sales revenue, services, outside of VAT area","False","account.data_account_type_revenue","no_chart_template_full"
"account_3229","3229","Earned income that has not been invoiced","False","account.data_account_type_revenue","no_chart_template_full"
"account_3260","3260","Withdrawal of goods, outside of VAT area","False","account.data_account_type_revenue","no_chart_template_full"
"account_3281","3281","Cash discounts, outside of VAT area","False","account.data_account_type_revenue","no_chart_template_full"
"account_3285","3285","Quantity discounts, outside of VAT area","False","account.data_account_type_revenue","no_chart_template_full"
"account_3289","3289","Other reductions in sales revenue, outside of VAT area","False","account.data_account_type_revenue","no_chart_template_full"
"account_3290","3290","Refundable outlays at buyer?s expense","False","account.data_account_type_revenue","no_chart_template_full"
"account_3300","3300","Special government fees and taxes on goods manufactured/sold","False","account.data_account_type_revenue","no_chart_template_full"
"account_3400","3400","Special public grant for manufactured/sold goods","False","account.data_account_type_revenue","no_chart_template_full"
"account_3440","3440","Special public grant for services","False","account.data_account_type_revenue","no_chart_template_full"
"account_3500","3500","Guarantees","False","account.data_account_type_revenue","no_chart_template_full"
"account_3510","3510","Service","False","account.data_account_type_revenue","no_chart_template_full"
"account_3600","3600","Rental income from real property, outside of VAT area","False","account.data_account_type_revenue","no_chart_template_full"
"account_3605","3605","Rental income from real property, subject to VAT","False","account.data_account_type_revenue","no_chart_template_full"
"account_3609","3609","Earned rental income that has not been invoiced","False","account.data_account_type_revenue","no_chart_template_full"
"account_3610","3610","Rental income from other tangible fixed assets, subject to VAT","False","account.data_account_type_revenue","no_chart_template_full"
"account_3615","3615","Rental income from other tangible fixed assets, not subject to VAT","False","account.data_account_type_revenue","no_chart_template_full"
"account_3619","3619","Earned rental income that has not been invoiced","False","account.data_account_type_revenue","no_chart_template_full"
"account_3620","3620","Other rental income","False","account.data_account_type_revenue","no_chart_template_full"
"account_3700","3700","Commission income, subject to VAT","False","account.data_account_type_revenue","no_chart_template_full"
"account_3705","3705","Commission income, not subject to VAT","False","account.data_account_type_revenue","no_chart_template_full"
"account_3709","3709","Earned commission income that has not been invoiced","False","account.data_account_type_revenue","no_chart_template_full"
"account_3850","3850","Change in value of investment properties","False","account.data_account_type_revenue","no_chart_template_full"
"account_3870","3870","Change in value of biological assets","False","account.data_account_type_revenue","no_chart_template_full"
"account_3881","3881","Selling price of intangible assets and tangible fixed assets, sale subject to VAT","False","account.data_account_type_revenue","no_chart_template_full"
"account_3882","3882","Selling price of intangible assets and tangible fixed assets, sale not subject to VAT","False","account.data_account_type_revenue","no_chart_template_full"
"account_3889","3889","Contra account, book value of intangible assets and tangible fixed assets","False","account.data_account_type_revenue","no_chart_template_full"
"account_3891","3891","Selling price of financial assets","False","account.data_account_type_revenue","no_chart_template_full"
"account_3899","3899","Contra account, book value of financial assets","False","account.data_account_type_revenue","no_chart_template_full"
"account_3900","3900","Other operational income","False","account.data_account_type_revenue","no_chart_template_mini"
"account_4000","4000","Purchase of raw materials and semi-manufactures, high VAT rate","False","account.data_account_type_direct_costs","no_chart_template_full"
"account_4030","4030","Purchase of raw materials and semi-manufactures, middle VAT rate","False","account.data_account_type_direct_costs","no_chart_template_full"
"account_4060","4060","Freight, customs duty and forwarding","False","account.data_account_type_direct_costs","no_chart_template_full"
"account_4071","4071","Cash discount","False","account.data_account_type_direct_costs","no_chart_template_full"
"account_4075","4075","Quantity discount","False","account.data_account_type_direct_costs","no_chart_template_full"
"account_4079","4079","Other purchase price reduction","False","account.data_account_type_direct_costs","no_chart_template_full"
"account_4080","4080","Basis VAT import of goods, high rate","False","account.data_account_type_direct_costs","no_chart_template_full"
"account_4081","4081","Basis VAT import of goods, high rate, contra account","False","account.data_account_type_direct_costs","no_chart_template_full"
"account_4082","4082","Basis VAT import of goods, medium rate","False","account.data_account_type_direct_costs","no_chart_template_full"
"account_4083","4083","Basis VAT import of goods, medium rate, contra account","False","account.data_account_type_direct_costs","no_chart_template_full"
"account_4084","4084","Basis import of goods with zero rate","False","account.data_account_type_direct_costs","no_chart_template_full"
"account_4085","4085","Basis import of goods with zero rate, contra account","False","account.data_account_type_direct_costs","no_chart_template_full"
"account_4086","4086","Domestic purchase of goods, reversed VAT liability","False","account.data_account_type_direct_costs","no_chart_template_full"
"account_4087","4087","Domestic purchase of goods, reversed VAT liability, contra account","False","account.data_account_type_direct_costs","no_chart_template_full"
"account_4090","4090","Change in stock","False","account.data_account_type_direct_costs","no_chart_template_full"
"account_4100","4100","Purchases of work in progress, high VAT rate","False","account.data_account_type_direct_costs","no_chart_template_full"
"account_4130","4130","Purchases of work in progress, middle VAT rate","False","account.data_account_type_direct_costs","no_chart_template_full"
"account_4160","4160","Freight, customs duty and forwarding","False","account.data_account_type_direct_costs","no_chart_template_full"
"account_4171","4171","Cash discount","False","account.data_account_type_direct_costs","no_chart_template_full"
"account_4175","4175","Quantity discount","False","account.data_account_type_direct_costs","no_chart_template_full"
"account_4179","4179","Other purchase price reduction","False","account.data_account_type_direct_costs","no_chart_template_full"
"account_4190","4190","Change in stock","False","account.data_account_type_direct_costs","no_chart_template_full"
"account_4200","4200","Purchase of self-produced finished goods, high VAT rate","False","account.data_account_type_direct_costs","no_chart_template_full"
"account_4230","4230","Purchase of self-produced finished goods, middle VAT rate","False","account.data_account_type_direct_costs","no_chart_template_full"
"account_4260","4260","Freight, customs duty and forwarding","False","account.data_account_type_direct_costs","no_chart_template_full"
"account_4270","4270","Purchase price reduction","False","account.data_account_type_direct_costs","no_chart_template_full"
"account_4290","4290","Change in stock","False","account.data_account_type_direct_costs","no_chart_template_full"
"account_4300","4300","Purchase of goods for resale, high VAT rate","False","account.data_account_type_direct_costs","no_chart_template_full"
"account_4330","4330","Purchase of goods for resale, middle VAT rate","False","account.data_account_type_direct_costs","no_chart_template_full"
"account_4360","4360","Freight, customs duty and forwarding","False","account.data_account_type_direct_costs","no_chart_template_full"
"account_4371","4371","Cash discount","False","account.data_account_type_direct_costs","no_chart_template_full"
"account_4375","4375","Quantity discount","False","account.data_account_type_direct_costs","no_chart_template_full"
"account_4379","4379","Other purchase price reduction","False","account.data_account_type_direct_costs","no_chart_template_full"
"account_4380","4380","Basis VAT import of goods, high rate","False","account.data_account_type_direct_costs","no_chart_template_full"
"account_4381","4381","Basis VAT import of goods, high rate, contra account","False","account.data_account_type_direct_costs","no_chart_template_full"
"account_4382","4382","Basis VAT import of goods, medium rate","False","account.data_account_type_direct_costs","no_chart_template_full"
"account_4383","4383","Basis VAT import of goods, medium rate, contra account","False","account.data_account_type_direct_costs","no_chart_template_full"
"account_4384","4384","Basis import of goods with zero rate","False","account.data_account_type_direct_costs","no_chart_template_full"
"account_4385","4385","Basis import of goods with zero rate, contra account","False","account.data_account_type_direct_costs","no_chart_template_full"
"account_4386","4386","Domestic purchase of goods, reversed VAT liability","False","account.data_account_type_direct_costs","no_chart_template_full"
"account_4387","4387","Domestic purchase of goods, reversed VAT liability, contra account","False","account.data_account_type_direct_costs","no_chart_template_full"
"account_4390","4390","Change in stock","False","account.data_account_type_direct_costs","no_chart_template_full"
"account_4500","4500","External services and subcontracts","False","account.data_account_type_direct_costs","no_chart_template_full"
"account_4550","4550","External services and subcontracts, reportable","False","account.data_account_type_direct_costs","no_chart_template_full"
"account_4590","4590","Change in stock","False","account.data_account_type_direct_costs","no_chart_template_full"
"account_4600","4600","Packing materials","False","account.data_account_type_direct_costs","no_chart_template_full"
"account_4690","4690","Change in stock","False","account.data_account_type_direct_costs","no_chart_template_full"
"account_4900","4900","Other accruals","False","account.data_account_type_direct_costs","no_chart_template_full"
"account_4990","4990","Change in stock, fixed assets of own production","False","account.data_account_type_direct_costs","no_chart_template_full"
"account_5000","5000","Wages and salaries to employees","False","account.data_account_type_expenses","no_chart_template_mini"
"account_5005","5005","Contractual remuneration","False","account.data_account_type_expenses","no_chart_template_full"
"account_5090","5090","Accrued, unpaid wages and salaries","False","account.data_account_type_expenses","no_chart_template_full"
"account_5092","5092","Holiday pay","False","account.data_account_type_expenses","no_chart_template_mini"
"account_5099","5099","Other pay items","False","account.data_account_type_expenses","no_chart_template_full"
"account_5100","5100","Wages and salaries to employees","False","account.data_account_type_expenses","no_chart_template_full"
"account_5105","5105","Contractual remuneration","False","account.data_account_type_expenses","no_chart_template_full"
"account_5190","5190","Accrued, unpaid wages and salaries","False","account.data_account_type_expenses","no_chart_template_full"
"account_5192","5192","Holiday pay","False","account.data_account_type_expenses","no_chart_template_full"
"account_5199","5199","Other pay items","False","account.data_account_type_expenses","no_chart_template_full"
"account_5200","5200","Company car","False","account.data_account_type_expenses","no_chart_template_full"
"account_5210","5210","Company-paid telephone","False","account.data_account_type_expenses","no_chart_template_full"
"account_5220","5220","Company-paid newspaper","False","account.data_account_type_expenses","no_chart_template_full"
"account_5230","5230","Free board","False","account.data_account_type_expenses","no_chart_template_full"
"account_5235","5235","Free accommodation","False","account.data_account_type_expenses","no_chart_template_full"
"account_5236","5236","Free housing","False","account.data_account_type_expenses","no_chart_template_full"
"account_5240","5240","Interest rate benefit","False","account.data_account_type_expenses","no_chart_template_full"
"account_5250","5250","Group life insurance","False","account.data_account_type_expenses","no_chart_template_full"
"account_5252","5252","Accident insurance","False","account.data_account_type_expenses","no_chart_template_full"
"account_5253","5253","Personal consequential loss insurance","False","account.data_account_type_expenses","no_chart_template_full"
"account_5254","5254","Occupational injuries insurance, taxable portion","False","account.data_account_type_expenses","no_chart_template_full"
"account_5280","5280","Other benefits of employment","False","account.data_account_type_expenses","no_chart_template_full"
"account_5290","5290","Contra account for group 52","False","account.data_account_type_expenses","no_chart_template_full"
"account_5300","5300","Bonuses","False","account.data_account_type_expenses","no_chart_template_full"
"account_5330","5330","Remuneration to members of the board","False","account.data_account_type_expenses","no_chart_template_full"
"account_5335","5335","Remuneration to members of the corporate assembly","False","account.data_account_type_expenses","no_chart_template_full"
"account_5390","5390","Other reportable remuneration","False","account.data_account_type_expenses","no_chart_template_full"
"account_5400","5400","Employers? national insurance contributions","False","account.data_account_type_expenses","no_chart_template_mini"
"account_5405","5405","Employers? national insurance contributions on accrued holiday pay","False","account.data_account_type_expenses","no_chart_template_mini"
"account_5420","5420","Reportable pension costs","False","account.data_account_type_expenses","no_chart_template_full"
"account_5500","5500","Other expense allowances","False","account.data_account_type_expenses","no_chart_template_full"
"account_5600","5600","Labour remuneration to owners of general partnership companies","False","account.data_account_type_expenses","no_chart_template_full"
"account_5700","5700","Apprentice grant","False","account.data_account_type_expenses","no_chart_template_full"
"account_5750","5750","Other wage subsidies","False","account.data_account_type_expenses","no_chart_template_full"
"account_5800","5800","Reimbursement of sickness benefits","False","account.data_account_type_expenses","no_chart_template_full"
"account_5820","5820","Reimbursement of national insurance contributions","False","account.data_account_type_expenses","no_chart_template_full"
"account_5830","5830","Refund, labour market schemes","False","account.data_account_type_expenses","no_chart_template_full"
"account_5890","5890","Other refunds","False","account.data_account_type_expenses","no_chart_template_full"
"account_5900","5900","Gifts to employees, deductible","False","account.data_account_type_expenses","no_chart_template_full"
"account_5905","5905","Gifts to employees, non-deductible","False","account.data_account_type_expenses","no_chart_template_full"
"account_5910","5910","Canteen costs","False","account.data_account_type_expenses","no_chart_template_full"
"account_5915","5915","Overtime meals","False","account.data_account_type_expenses","no_chart_template_full"
"account_5919","5919","Deduction for canteen costs, employees","False","account.data_account_type_expenses","no_chart_template_full"
"account_5920","5920","Occupational injury insurance","False","account.data_account_type_expenses","no_chart_template_full"
"account_5930","5930","Other insurance not subject to national insurance contributions","False","account.data_account_type_expenses","no_chart_template_full"
"account_5941","5941","LO/NHO scheme (O&U + severance pay)","False","account.data_account_type_expenses","no_chart_template_full"
"account_5942","5942","LO/NHO scheme (AFP)","False","account.data_account_type_expenses","no_chart_template_full"
"account_5950","5950","Mandatory Occupational Pension (OTP)","False","account.data_account_type_expenses","no_chart_template_full"
"account_5990","5990","Other personnel costs","False","account.data_account_type_expenses","no_chart_template_full"
"account_6000","6000","Depreciation of buildings and other real property","False","account.data_account_type_depreciation","no_chart_template_full"
"account_6010","6010","Depreciation of means of transport","False","account.data_account_type_depreciation","no_chart_template_full"
"account_6015","6015","Depreciation of machinery","False","account.data_account_type_depreciation","no_chart_template_full"
"account_6017","6017","Depreciation of fixtures and fittings","False","account.data_account_type_depreciation","no_chart_template_full"
"account_6020","6020","Depreciation of acquired goodwill","False","account.data_account_type_depreciation","no_chart_template_full"
"account_6029","6029","Depreciation of other intangible assets","False","account.data_account_type_depreciation","no_chart_template_full"
"account_6050","6050","Write-down on tangible fixed assets","False","account.data_account_type_depreciation","no_chart_template_full"
"account_6055","6055","Write-down on intangible assets","False","account.data_account_type_depreciation","no_chart_template_full"
"account_6059","6059","Reversal of write-down on tangible fixed assets and intangible assets","False","account.data_account_type_depreciation","no_chart_template_full"
"account_6100","6100","Freight, transport costs and insurance for shipment of goods","False","account.data_account_type_expenses","no_chart_template_full"
"account_6110","6110","Customs duty and forwarding cost for shipment of goods","False","account.data_account_type_expenses","no_chart_template_full"
"account_6190","6190","Other freight and transport cost related to sales","False","account.data_account_type_expenses","no_chart_template_full"
"account_6200","6200","Electricity","False","account.data_account_type_expenses","no_chart_template_full"
"account_6210","6210","Gas","False","account.data_account_type_expenses","no_chart_template_full"
"account_6220","6220","Heating oil","False","account.data_account_type_expenses","no_chart_template_full"
"account_6230","6230","Coal, coke","False","account.data_account_type_expenses","no_chart_template_full"
"account_6240","6240","Firewood","False","account.data_account_type_expenses","no_chart_template_full"
"account_6250","6250","Petrol, diesel fuel","False","account.data_account_type_expenses","no_chart_template_full"
"account_6260","6260","Water","False","account.data_account_type_expenses","no_chart_template_full"
"account_6290","6290","Other fuel","False","account.data_account_type_expenses","no_chart_template_full"
"account_6300","6300","Rent, premises","False","account.data_account_type_expenses","no_chart_template_full"
"account_6320","6320","Waste disposal, water, sewage etc.","False","account.data_account_type_expenses","no_chart_template_full"
"account_6340","6340","Lighting","False","account.data_account_type_expenses","no_chart_template_full"
"account_6345","6345","Heating","False","account.data_account_type_expenses","no_chart_template_full"
"account_6360","6360","Cleaning","False","account.data_account_type_expenses","no_chart_template_full"
"account_6391","6391","Joint/administrative cost, shopping centre merchants? association","False","account.data_account_type_expenses","no_chart_template_full"
"account_6399","6399","Other costs related to premises","False","account.data_account_type_expenses","no_chart_template_full"
"account_6400","6400","Rental of machinery","False","account.data_account_type_expenses","no_chart_template_full"
"account_6410","6410","Rental of fixtures and fittings","False","account.data_account_type_expenses","no_chart_template_full"
"account_6420","6420","Rental of computer systems","False","account.data_account_type_expenses","no_chart_template_full"
"account_6430","6430","Rental of other office machines","False","account.data_account_type_expenses","no_chart_template_full"
"account_6440","6440","Rental of means of transport","False","account.data_account_type_expenses","no_chart_template_full"
"account_6490","6490","Other rental costs","False","account.data_account_type_expenses","no_chart_template_full"
"account_6500","6500","Motorised tools","False","account.data_account_type_expenses","no_chart_template_full"
"account_6510","6510","Hand tools","False","account.data_account_type_expenses","no_chart_template_full"
"account_6520","6520","Auxiliary tools","False","account.data_account_type_expenses","no_chart_template_full"
"account_6530","6530","Special tools","False","account.data_account_type_expenses","no_chart_template_full"
"account_6540","6540","Fixtures and fittings","False","account.data_account_type_expenses","no_chart_template_full"
"account_6551","6551","Computer equipment","False","account.data_account_type_expenses","no_chart_template_full"
"account_6552","6552","Software, procurement","False","account.data_account_type_expenses","no_chart_template_full"
"account_6553","6553","Software, annual maintenance","False","account.data_account_type_expenses","no_chart_template_full"
"account_6559","6559","Other operating materials","False","account.data_account_type_expenses","no_chart_template_full"
"account_6560","6560","Supplies","False","account.data_account_type_expenses","no_chart_template_full"
"account_6570","6570","Work clothing, reportable","False","account.data_account_type_expenses","no_chart_template_full"
"account_6571","6571","Work clothing, non-reportable","False","account.data_account_type_expenses","no_chart_template_full"
"account_6575","6575","Protective gear","False","account.data_account_type_expenses","no_chart_template_full"
"account_6590","6590","Other operating materials","False","account.data_account_type_expenses","no_chart_template_full"
"account_6600","6600","Repair and maintenance of buildings","False","account.data_account_type_expenses","no_chart_template_full"
"account_6620","6620","Repair and maintenance of equipment","False","account.data_account_type_expenses","no_chart_template_full"
"account_6690","6690","Other repair and maintenance","False","account.data_account_type_expenses","no_chart_template_full"
"account_6700","6700","Auditors? remuneration","False","account.data_account_type_expenses","no_chart_template_full"
"account_6702","6702","Auditors? remuneration for other services","False","account.data_account_type_expenses","no_chart_template_full"
"account_6705","6705","Accountants? fees","False","account.data_account_type_expenses","no_chart_template_full"
"account_6720","6720","Fees for financial advising","False","account.data_account_type_expenses","no_chart_template_full"
"account_6725","6725","Fees for legal services, deductible","False","account.data_account_type_expenses","no_chart_template_full"
"account_6726","6726","Fees for legal services, non-deductible","False","account.data_account_type_expenses","no_chart_template_full"
"account_6750","6750","Fees for computer services","False","account.data_account_type_expenses","no_chart_template_full"
"account_6790","6790","Other external services, reportable","False","account.data_account_type_expenses","no_chart_template_full"
"account_6795","6795","Other external services, non-reportable","False","account.data_account_type_expenses","no_chart_template_full"
"account_6800","6800","Office supplies","False","account.data_account_type_expenses","no_chart_template_full"
"account_6820","6820","Printed matter","False","account.data_account_type_expenses","no_chart_template_full"
"account_6840","6840","Newspapers, journals/periodicals, books etc.","False","account.data_account_type_expenses","no_chart_template_full"
"account_6860","6860","Meetings, seminars/courses, refresher courses etc.","False","account.data_account_type_expenses","no_chart_template_full"
"account_6890","6890","Other office costs","False","account.data_account_type_expenses","no_chart_template_full"
"account_6900","6900","Telephone","False","account.data_account_type_expenses","no_chart_template_full"
"account_6903","6903","Mobile telephone","False","account.data_account_type_expenses","no_chart_template_full"
"account_6907","6907","Data communication","False","account.data_account_type_expenses","no_chart_template_full"
"account_6909","6909","Other telecommunication","False","account.data_account_type_expenses","no_chart_template_full"
"account_6940","6940","Postage","False","account.data_account_type_expenses","no_chart_template_full"
"account_7000","7000","Fuel, means of transport 1","False","account.data_account_type_expenses","no_chart_template_full"
"account_7020","7020","Maintenance, means of transport 1","False","account.data_account_type_expenses","no_chart_template_full"
"account_7040","7040","Insurance, means of transport 1","False","account.data_account_type_expenses","no_chart_template_full"
"account_7090","7090","Other costs, means of transport 1","False","account.data_account_type_expenses","no_chart_template_full"
"account_7100","7100","Car allowance, reportable","False","account.data_account_type_expenses","no_chart_template_full"
"account_7130","7130","Travel expenses, reportable","False","account.data_account_type_expenses","no_chart_template_full"
"account_7140","7140","Travel expenses, non-reportable","False","account.data_account_type_expenses","no_chart_template_full"
"account_7150","7150","Subsistence expenses, reportable","False","account.data_account_type_expenses","no_chart_template_full"
"account_7160","7160","Subsistence expenses, non-reportable","False","account.data_account_type_expenses","no_chart_template_full"
"account_7190","7190","Tool allowance","False","account.data_account_type_expenses","no_chart_template_full"
"account_7195","7195","Work clothing allowance","False","account.data_account_type_expenses","no_chart_template_full"
"account_7199","7199","Other expense allowance","False","account.data_account_type_expenses","no_chart_template_full"
"account_7200","7200","Commission charges, reportable","False","account.data_account_type_expenses","no_chart_template_full"
"account_7210","7210","Commission charges, non-reportable","False","account.data_account_type_expenses","no_chart_template_full"
"account_7300","7300","Selling costs","False","account.data_account_type_expenses","no_chart_template_full"
"account_7320","7320","Advertisements","False","account.data_account_type_expenses","no_chart_template_full"
"account_7322","7322","Advertising supplements/catalogues etc.","False","account.data_account_type_expenses","no_chart_template_full"
"account_7323","7323","Advertising articles","False","account.data_account_type_expenses","no_chart_template_full"
"account_7329","7329","Other advertising costs","False","account.data_account_type_expenses","no_chart_template_full"
"account_7350","7350","Entertainment expenses, deductible","False","account.data_account_type_expenses","no_chart_template_full"
"account_7360","7360","Entertainment expenses, non-deductible","False","account.data_account_type_expenses","no_chart_template_full"
"account_7390","7390","Other selling costs, deductible","False","account.data_account_type_expenses","no_chart_template_full"
"account_7395","7395","Other selling costs, non-deductible","False","account.data_account_type_expenses","no_chart_template_full"
"account_7400","7400","Membership dues, deductible","False","account.data_account_type_expenses","no_chart_template_full"
"account_7410","7410","Membership dues, non-deductible","False","account.data_account_type_expenses","no_chart_template_full"
"account_7420","7420","Gifts, deductible","False","account.data_account_type_expenses","no_chart_template_full"
"account_7430","7430","Gifts, non-deductible","False","account.data_account_type_expenses","no_chart_template_full"
"account_7500","7500","Insurance premiums","False","account.data_account_type_expenses","no_chart_template_full"
"account_7530","7530","Voluntary supplemental national insurance for self-employed","False","account.data_account_type_expenses","no_chart_template_full"
"account_7550","7550","Guarantee costs","False","account.data_account_type_expenses","no_chart_template_full"
"account_7560","7560","Service costs","False","account.data_account_type_expenses","no_chart_template_full"
"account_7600","7600","Licence fees","False","account.data_account_type_expenses","no_chart_template_full"
"account_7605","7605","Royalties","False","account.data_account_type_expenses","no_chart_template_full"
"account_7610","7610","Patent costs for own patent","False","account.data_account_type_expenses","no_chart_template_full"
"account_7620","7620","Cost related to trademarks etc.","False","account.data_account_type_expenses","no_chart_template_full"
"account_7630","7630","Inspection-, testing- and stamp duty fees","False","account.data_account_type_expenses","no_chart_template_full"
"account_7710","7710","Board meetings","False","account.data_account_type_expenses","no_chart_template_full"
"account_7715","7715","Corporate assembly meetings","False","account.data_account_type_expenses","no_chart_template_full"
"account_7720","7720","General meeting","False","account.data_account_type_expenses","no_chart_template_full"
"account_7730","7730","Cost of own shares (treasury stock)","False","account.data_account_type_expenses","no_chart_template_full"
"account_7750","7750","Property tax and ground rent","False","account.data_account_type_expenses","no_chart_template_full"
"account_7770","7770","Bank charges and card fees","False","account.data_account_type_expenses","no_chart_template_full"
"account_7775","7775","Credit card commissions","False","account.data_account_type_expenses","no_chart_template_full"
"account_7780","7780","Basis VAT import of goods, high rate","False","account.data_account_type_expenses","no_chart_template_full"
"account_7781","7781","Basis VAT import of goods, high rate, contra account","False","account.data_account_type_expenses","no_chart_template_full"
"account_7782","7782","Basis VAT import of goods, medium rate","False","account.data_account_type_expenses","no_chart_template_full"
"account_7783","7783","Basis VAT import of goods, medium rate, contra account","False","account.data_account_type_expenses","no_chart_template_full"
"account_7784","7784","Basis import of goods with zero rate","False","account.data_account_type_expenses","no_chart_template_full"
"account_7785","7785","Basis import of goods with zero rate, contra account","False","account.data_account_type_expenses","no_chart_template_full"
"account_7786","7786","Basis outgoing VAT purchase of services from abroad","False","account.data_account_type_expenses","no_chart_template_full"
"account_7787","7787","Basis outgoing VAT purchase of services from abroad, contra account","False","account.data_account_type_expenses","no_chart_template_full"
"account_7788","7788","Domestic purchase of goods and services, reversed VAT liability","False","account.data_account_type_expenses","no_chart_template_full"
"account_7789","7789","Domestic purchase of goods and services, reversed VAT liability, contra account","False","account.data_account_type_expenses","no_chart_template_full"
"account_7798","7798","Other expenses, deductible","False","account.data_account_type_expenses","no_chart_template_full"
"account_7799","7799","Other expenses, non-deductible","False","account.data_account_type_expenses","no_chart_template_mini"
"account_7820","7820","Income on bad debts previously written off, taxable","False","account.data_account_type_expenses","no_chart_template_full"
"account_7825","7825","Income on bad debts previously written off, non-taxable","False","account.data_account_type_expenses","no_chart_template_full"
"account_7830","7830","Bad debts, deductible","False","account.data_account_type_expenses","no_chart_template_full"
"account_7835","7835","Bad debts, non-deductible","False","account.data_account_type_expenses","no_chart_template_full"
"account_7839","7839","Change in provision for expected loss","False","account.data_account_type_expenses","no_chart_template_full"
"account_7860","7860","Losses on contracts","False","account.data_account_type_expenses","no_chart_template_full"
"account_7881","7881","Selling price, intangible assets and tangible fixed assets, sale subject to VAT","False","account.data_account_type_expenses","no_chart_template_full"
"account_7882","7882","Selling price, intangible assets and tangible fixed assets, sale not subject to VAT","False","account.data_account_type_expenses","no_chart_template_full"
"account_7889","7889","Contra account, book value of sold intangible assets and tangible fixed assets","False","account.data_account_type_expenses","no_chart_template_full"
"account_7891","7891","Selling price of financial assets","False","account.data_account_type_expenses","no_chart_template_full"
"account_7899","7899","Contra account, book value of sold financial assets","False","account.data_account_type_expenses","no_chart_template_full"
"account_7971","7971","Ajustment VAT  property","False","account.data_account_type_expenses","no_chart_template_full"
"account_7972","7972","Ajustment VAT machinery, fixtures and fittings etc.","False","account.data_account_type_expenses","no_chart_template_full"
"account_8000","8000","Dividends from Norwegian subsidiaries","False","account.data_account_type_other_income","no_chart_template_full"
"account_8003","8003","Dividends from foreign subsidiaries, included in the exemption model","False","account.data_account_type_other_income","no_chart_template_full"
"account_8004","8004","Dividends from foreign subsidiaries, not included in the exemption model","False","account.data_account_type_other_income","no_chart_template_full"
"account_8005","8005","Share of income from subsidiaries according to the equity method","False","account.data_account_type_other_income","no_chart_template_full"
"account_8007","8007","Gain/loss on the disposal of shares/units in subsidiaries, included in the exemption model","False","account.data_account_type_other_income","no_chart_template_full"
"account_8008","8008","Gain/loss on the disposal of shares/units in subsidiaries, not included in the exemption model","False","account.data_account_type_other_income","no_chart_template_full"
"account_8010","8010","Dividends from Norwegian group companies","False","account.data_account_type_other_income","no_chart_template_full"
"account_8013","8013","Dividends from foreign group companies, included in the exemption model","False","account.data_account_type_other_income","no_chart_template_full"
"account_8014","8014","Dividends from foreign group companies, not included in the exemption model","False","account.data_account_type_other_income","no_chart_template_full"
"account_8017","8017","Gain/loss on disposal of shares/units in group companies, included in the exemption model","False","account.data_account_type_other_income","no_chart_template_full"
"account_8018","8018","Gain/loss on disposal of shares/units in group companies, not included in the exemption model","False","account.data_account_type_other_income","no_chart_template_full"
"account_8020","8020","Dividends from Norwegian associated companies","False","account.data_account_type_other_income","no_chart_template_full"
"account_8023","8023","Dividends from foreign associated companies, included in the exemption model","False","account.data_account_type_other_income","no_chart_template_full"
"account_8024","8024","Dividends from foreign associated companies, not included in the exemption model","False","account.data_account_type_other_income","no_chart_template_full"
"account_8025","8025","Share of income from associated companies according to the equity method","False","account.data_account_type_other_income","no_chart_template_full"
"account_8027","8027","Gain/loss on disposal of shares/units in associated companies, included in the exemption model","False","account.data_account_type_other_income","no_chart_template_full"
"account_8028","8028","Gain/loss on disposal of shares/units in associated companies, not included in the exemption model","False","account.data_account_type_other_income","no_chart_template_full"
"account_8030","8030","Interest income from group companies","False","account.data_account_type_other_income","no_chart_template_full"
"account_8040","8040","Interest income, tax-exempt","False","account.data_account_type_other_income","no_chart_template_full"
"account_8050","8050","Interest income from bank deposits","False","account.data_account_type_other_income","no_chart_template_full"
"account_8055","8055","Interest income from trade debtors","False","account.data_account_type_other_income","no_chart_template_full"
"account_8059","8059","Other interest income","False","account.data_account_type_other_income","no_chart_template_full"
"account_8060","8060","Foreign exchange gains (agio)","False","account.data_account_type_other_income","no_chart_template_mini"
"account_8070","8070","Dividends from Norwegian companies with tax credit","False","account.data_account_type_other_income","no_chart_template_full"
"account_8073","8073","Dividends from foreign companies, included in the exemption model","False","account.data_account_type_other_income","no_chart_template_full"
"account_8074","8074","Dividends from foreign companies, not included in the exemption model","False","account.data_account_type_other_income","no_chart_template_full"
"account_8077","8077","Gain on disposal of other shares/units, included in the exemption model","False","account.data_account_type_other_income","no_chart_template_full"
"account_8078","8078","Gain on disposal of other shares/units, not included in the exemption model","False","account.data_account_type_other_income","no_chart_template_full"
"account_8079","8079","Other financial income","False","account.data_account_type_other_income","no_chart_template_full"
"account_8080","8080","Increase in value of financial instruments valued at fair value, unrealised","False","account.data_account_type_other_income","no_chart_template_full"
"account_8082","8082","Increase in value of financial instruments valued at fair value, realised","False","account.data_account_type_other_income","no_chart_template_full"
"account_8090","8090","Income from other investments","False","account.data_account_type_other_income","no_chart_template_full"
"account_8100","8100","Reduction in value of financial instruments valued at fair value, unrealised","False","account.data_account_type_other_income","no_chart_template_full"
"account_8105","8105","Reduction in value of financial instruments valued at fair value, realised","False","account.data_account_type_other_income","no_chart_template_full"
"account_8110","8110","Write-down on other financial current assets","False","account.data_account_type_other_income","no_chart_template_full"
"account_8120","8120","Write-down on long-term financial assets","False","account.data_account_type_other_income","no_chart_template_full"
"account_8129","8129","Reversal of write-down on long-term financial assets","False","account.data_account_type_other_income","no_chart_template_full"
"account_8130","8130","Interest paid to group companies","False","account.data_account_type_other_income","no_chart_template_full"
"account_8140","8140","Interest expenses, non-deductible","False","account.data_account_type_other_income","no_chart_template_full"
"account_8150","8150","Interest paid on bank loans","False","account.data_account_type_other_income","no_chart_template_full"
"account_8154","8154","Interest/commission paid on overdraft facility","False","account.data_account_type_other_income","no_chart_template_full"
"account_8155","8155","Interest paid on accounts payable","False","account.data_account_type_other_income","no_chart_template_full"
"account_8159","8159","Other interest paid","False","account.data_account_type_other_income","no_chart_template_full"
"account_8160","8160","Foreign exchange losses (disagio)","False","account.data_account_type_other_income","no_chart_template_mini"
"account_8177","8177","Loss on disposal of shares/units, included in the exemption model (cf. account codes 8007, 8017 and 8027)","False","account.data_account_type_other_income","no_chart_template_full"
"account_8178","8178","Loss on disposal of shares/units, not included in the exemption model (cf. account codes 8008, 8018 and 8028)","False","account.data_account_type_other_income","no_chart_template_full"
"account_8179","8179","Other financial expenses","False","account.data_account_type_other_income","no_chart_template_full"
"account_8300","8300","Tax payable","False","account.data_account_type_other_income","no_chart_template_full"
"account_8309","8309","Tax payable, too much/little allocated in previous year(s)","False","account.data_account_type_other_income","no_chart_template_full"
"account_8320","8320","Change in deferred tax/tax assets","False","account.data_account_type_other_income","no_chart_template_full"
"account_8400","8400","Effect of the change in principle","False","account.data_account_type_other_income","no_chart_template_full"
"account_8410","8410","Correction of errors","False","account.data_account_type_other_income","no_chart_template_full"
"account_8500","8500","Effect of the change in principle","False","account.data_account_type_other_income","no_chart_template_full"
"account_8510","8510","Correction of errors","False","account.data_account_type_other_income","no_chart_template_full"
"account_8600","8600","Tax payable, effect of change in principle","False","account.data_account_type_other_income","no_chart_template_full"
"account_8602","8602","Tax payable, correction of error","False","account.data_account_type_other_income","no_chart_template_full"
"account_8609","8609","Tax payable, too much/little allocated in previous year(s)","False","account.data_account_type_other_income","no_chart_template_full"
"account_8620","8620","Change in deferred tax/tax assets, effect of change in principle","False","account.data_account_type_other_income","no_chart_template_full"
"account_8622","8622","Change in deferred tax/tax assets, correction of error.","False","account.data_account_type_other_income","no_chart_template_full"
"account_8800","8800","Net profit or loss for the year","False","account.data_account_type_other_income","no_chart_template_full"
"account_8900","8900","Reserve transfers","False","account.data_account_type_other_income","no_chart_template_full"
"account_8910","8910","Transfers, jointly-owned cooperative share capital for cooperative society","False","account.data_account_type_other_income","no_chart_template_full"
"account_8920","8920","Allocated dividend / interest on equity certificates / dividend for cooperative society","False","account.data_account_type_other_income","no_chart_template_full"
"account_8921","8921","Allocated additional dividend","False","account.data_account_type_other_income","no_chart_template_full"
"account_8922","8922","Allocated extraordinary dividend","False","account.data_account_type_other_income","no_chart_template_full"
"account_8930","8930","Received group contributions","False","account.data_account_type_other_income","no_chart_template_full"
"account_8935","8935","Allocated group contributions","False","account.data_account_type_other_income","no_chart_template_full"
"account_8950","8950","Bonus issues","False","account.data_account_type_other_income","no_chart_template_full"
"account_8960","8960","Transfers to other equity","False","account.data_account_type_other_income","no_chart_template_full"
"account_8968","8968","Transfers to retained profits","False","account.data_account_type_other_income","no_chart_template_full"
"account_8969","8969","Transfers to unapplied loss","False","account.data_account_type_other_income","no_chart_template_full"
"account_8980","8980","Private withdrawals","False","account.data_account_type_other_income","no_chart_template_full"
"account_8990","8990","Uncovered losses","False","account.data_account_type_other_income","no_chart_template_full"
